{
  "Weather": {
    "variable": "Weather",
    "variable_card": 3,
    "state_names": [
      "NONE",
      "MODERATE",
      "SEVERE"
    ],
    "values": [
      [
        0.6
      ],
      [
        0.3
      ],
      [
        0.1
      ]
    ],
    "evidence": [],
    "evidence_card": []
  },
  "HistoricalDelay": {
    "variable": "HistoricalDelay",
    "variable_card": 3,
    "state_names": [
      "LOW",
      "MEDIUM",
      "HIGH"
    ],
    "values": [
      [
        0.5
      ],
      [
        0.3
      ],
      [
        0.2
      ]
    ],
    "evidence": [],
    "evidence_card": []
  },
  "Festival": {
    "variable": "Festival",
    "variable_card": 2,
    "state_names": [
      "NO",
      "YES"
    ],
    "values": [
      [
        0.85
      ],
      [
        0.15
      ]
    ],
    "evidence": [],
    "evidence_card": []
  },
  "Congestion": {
    "variable": "Congestion",
    "variable_card": 3,
    "state_names": [
      "LOW",
      "MEDIUM",
      "HIGH"
    ],
    "values": [
      [
        0.53,
        0.44,
        0.35,
        0.26,
        0.16999999999999998,
        0.07999999999999996
      ],
      [
        0.30000000000000004,
        0.3,
        0.30000000000000004,
        0.30000000000000004,
        0.3,
        0.29999999999999993
      ],
      [
        0.16999999999999998,
        0.26,
        0.35,
        0.44,
        0.53,
        0.6200000000000001
      ]
    ],
    "evidence": [
      "Weather",
      "Festival"
    ],
    "evidence_card": [
      3,
      2
    ]
  },
  "DisruptionRisk": {
    "variable": "DisruptionRisk",
    "variable_card": 3,
    "state_names": [
      "LOW",
      "MEDIUM",
      "HIGH"
    ],
    "values": [
      [
        0.8909031788043871,
        0.8175744761936437,
        0.7941296281990525,
        0.679178699175393,
        0.6456563062257954,
        0.5,
        0.7941296281990525,
        0.679178699175393,
        0.6456563062257954,
        0.5,
        0.46257015465625034,
        0.320821300824607,
        0.6456563062257954,
        0.5,
        0.46257015465625034,
        0.320821300824607,
        0.289050497374996,
        0.18242552380635635,
        0.7109495026250039,
        0.5744425168116589,
        0.5374298453437495,
        0.3893607660507779,
        0.35434369377420455,
        0.23147521650098227,
        0.5374298453437495,
        0.3893607660507779,
        0.35434369377420455,
        0.23147521650098227,
        0.20587037180094736,
        0.12455335818741645,
        0.35434369377420455,
        0.23147521650098227,
        0.20587037180094736,
        0.12455335818741645,
        0.10909682119561298,
        0.06297335605699651,
        0.4255574831883409,
        0.289050497374996,
        0.25922510081784594,
        0.16110894957658523,
        0.14185106490048777,
        0.08317269649392235,
        0.25922510081784594,
        0.16110894957658523,
        0.14185106490048777,
        0.08317269649392235,
        0.07242648536151769,
        0.041091278200464994,
        0.14185106490048777,
        0.08317269649392235,
        0.07242648536151769,
        0.041091278200464994,
        0.03557118927263617,
        0.019840305734077503
      ],
      [
        0.08249982761874708,
        0.1349996506287896,
        0.15118905458500664,
        0.22547183592549758,
        0.24524687257859168,
        0.31757447619364365,
        0.15118905458500664,
        0.22547183592549758,
        0.24524687257859168,
        0.31757447619364365,
        0.3315594735428023,
        0.35835739835078595,
        0.24524687257859168,
        0.31757447619364365,
        0.3315594735428023,
        0.35835739835078595,
        0.3566058088507994,
        0.31757447619364365,
        0.20587780088107377,
        0.28370641828785326,
        0.30146120507966523,
        0.351414133131376,
        0.35660580885079934,
        0.3429673003106767,
        0.30146120507966523,
        0.351414133131376,
        0.35660580885079934,
        0.3429673003106767,
        0.33155947354280224,
        0.26480740786336165,
        0.35660580885079934,
        0.3429673003106767,
        0.33155947354280224,
        0.26480740786336165,
        0.24524687257859162,
        0.16850186044398596,
        0.34296730031067674,
        0.3566058088507994,
        0.351414133131376,
        0.3014612050796652,
        0.2837064182878532,
        0.20587780088107366,
        0.351414133131376,
        0.3014612050796652,
        0.2837064182878532,
        0.20587780088107366,
        0.1867986154563283,
        0.1200176713761203,
        0.2837064182878532,
        0.20587780088107366,
        0.1867986154563283,
        0.1200176713761203,
        0.10627987562785154,
        0.06333239075984484
      ],
      [
        0.026596993576865863,
        0.04742587317756678,
        0.05468131721594078,
        0.09534946489910949,
        0.10909682119561298,
        0.18242552380635635,
        0.05468131721594078,
        0.09534946489910949,
        0.10909682119561298,
        0.18242552380635635,
        0.20587037180094736,
        0.320821300824607,
        0.10909682119561298,
        0.18242552380635635,
        0.20587037180094736,
        0.320821300824607,
        0.3543436937742046,
        0.5,
        0.08317269649392238,
        0.14185106490048782,
        0.16110894957658525,
        0.2592251008178461,
        0.2890504973749961,
        0.4255574831883411,
        0.16110894957658525,
        0.2592251008178461,
        0.2890504973749961,
        0.4255574831883411,
        0.46257015465625034,
        0.6106392339492219,
        0.2890504973749961,
        0.4255574831883411,
        0.46257015465625034,
        0.6106392339492219,
        0.6456563062257954,
        0.7685247834990175,
        0.23147521650098238,
        0.3543436937742046,
        0.389360766050778,
        0.5374298453437496,
        0.574442516811659,
        0.710949502625004,
        0.389360766050778,
        0.5374298453437496,
        0.574442516811659,
        0.710949502625004,
        0.740774899182154,
        0.8388910504234147,
        0.574442516811659,
        0.710949502625004,
        0.740774899182154,
        0.8388910504234147,
        0.8581489350995123,
        0.9168273035060777
      ]
    ],
    "evidence": [
      "Weather",
      "HistoricalDelay",
      "Congestion",
      "Festival"
    ],
    "evidence_card": [
      3,
      3,
      3,
      2
    ]
  }
}